rpgadmin2@rpgdc.com,紧急邮件1,"这是一封紧急邮件,来自MTI"
rpgadmin2@rpgdc.com,紧急邮件2,"这是一封紧急邮件,来自MTI"
rpgadmin2@rpgdc.com,紧急邮件3,"这是一封紧急邮件,来自MTI"
rpgadmin2@rpgdc.com,紧急邮件4,"这是一封紧急邮件,来自MTI"
rpgadmin2@rpgdc.com,紧急邮件5,"这是一封紧急邮件,来自MTI"
rpgadmin2@rpgdc.com,紧急邮件6,"这是一封紧急邮件,来自MTI"
rpgadmin2@rpgdc.com,紧急邮件7,"这是一封紧急邮件,来自MTI"
rpgadmin2@rpgdc.com,紧急邮件8,"这是一封紧急邮件,来自MTI"
rpgadmin2@rpgdc.com,紧急邮件9,"这是一封紧急邮件,来自MTI"
rpgadmin2@rpgdc.com,紧急邮件10,"这是一封紧急邮件,来自MTI"
rpgadmin2@rpgdc.com,紧急邮件11,"这是一封紧急邮件,来自MTI"
rpgadmin2@rpgdc.com,紧急邮件12,"这是一封紧急邮件,来自MTI"
rpgadmin2@rpgdc.com,紧急邮件13,"这是一封紧急邮件,来自MTI"
rpgadmin2@rpgdc.com,紧急邮件14,"这是一封紧急邮件,来自MTI"
rpgadmin2@rpgdc.com,紧急邮件15,"这是一封紧急邮件,来自MTI"
rpgadmin2@rpgdc.com,紧急邮件16,"这是一封紧急邮件,来自MTI"
rpgadmin2@rpgdc.com,紧急邮件17,"这是一封紧急邮件,来自MTI"
rpgadmin2@rpgdc.com,紧急邮件18,"这是一封紧急邮件,来自MTI"
rpgadmin2@rpgdc.com,紧急邮件19,"这是一封紧急邮件,来自MTI"
rpgadmin2@rpgdc.com,紧急邮件20,"这是一封紧急邮件,来自MTI"
rpgadmin2@rpgdc.com,紧急邮件21,"这是一封紧急邮件,来自MTI"
rpgadmin2@rpgdc.com,紧急邮件22,"这是一封紧急邮件,来自MTI"
rpgadmin2@rpgdc.com,紧急邮件23,"这是一封紧急邮件,来自MTI"
rpgadmin2@rpgdc.com,紧急邮件24,"这是一封紧急邮件,来自MTI"
rpgadmin2@rpgdc.com,紧急邮件25,"这是一封紧急邮件,来自MTI"
rpgadmin2@rpgdc.com,紧急邮件26,"这是一封紧急邮件,来自MTI"
rpgadmin2@rpgdc.com,紧急邮件27,"这是一封紧急邮件,来自MTI"
rpgadmin2@rpgdc.com,紧急邮件28,"这是一封紧急邮件,来自MTI"
rpgadmin2@rpgdc.com,紧急邮件29,"这是一封紧急邮件,来自MTI"
rpgadmin2@rpgdc.com,紧急邮件30,"这是一封紧急邮件,来自MTI"
rpgadmin2@rpgdc.com,紧急邮件31,"这是一封紧急邮件,来自MTI"
rpgadmin2@rpgdc.com,紧急邮件32,"这是一封紧急邮件,来自MTI"
rpgadmin2@rpgdc.com,紧急邮件33,"这是一封紧急邮件,来自MTI"
rpgadmin2@rpgdc.com,紧急邮件34,"这是一封紧急邮件,来自MTI"
rpgadmin2@rpgdc.com,紧急邮件35,"这是一封紧急邮件,来自MTI"
rpgadmin2@rpgdc.com,紧急邮件36,"这是一封紧急邮件,来自MTI"
rpgadmin2@rpgdc.com,紧急邮件37,"这是一封紧急邮件,来自MTI"
rpgadmin2@rpgdc.com,紧急邮件38,"这是一封紧急邮件,来自MTI"
rpgadmin2@rpgdc.com,紧急邮件39,"这是一封紧急邮件,来自MTI"
rpgadmin2@rpgdc.com,紧急邮件40,"这是一封紧急邮件,来自MTI"
rpgadmin2@rpgdc.com,紧急邮件41,"这是一封紧急邮件,来自MTI"
rpgadmin2@rpgdc.com,紧急邮件42,"这是一封紧急邮件,来自MTI"
rpgadmin2@rpgdc.com,紧急邮件43,"这是一封紧急邮件,来自MTI"
rpgadmin2@rpgdc.com,紧急邮件44,"这是一封紧急邮件,来自MTI"
rpgadmin2@rpgdc.com,紧急邮件45,"这是一封紧急邮件,来自MTI"
rpgadmin2@rpgdc.com,紧急邮件46,"这是一封紧急邮件,来自MTI"
rpgadmin2@rpgdc.com,紧急邮件47,"这是一封紧急邮件,来自MTI"
rpgadmin2@rpgdc.com,紧急邮件48,"这是一封紧急邮件,来自MTI"
rpgadmin2@rpgdc.com,紧急邮件49,"这是一封紧急邮件,来自MTI"
rpgadmin2@rpgdc.com,紧急邮件50,"这是一封紧急邮件,来自MTI"
rpgadmin2@rpgdc.com,紧急邮件51,"这是一封紧急邮件,来自MTI"
rpgadmin2@rpgdc.com,紧急邮件52,"这是一封紧急邮件,来自MTI"
rpgadmin2@rpgdc.com,紧急邮件53,"这是一封紧急邮件,来自MTI"
rpgadmin2@rpgdc.com,紧急邮件54,"这是一封紧急邮件,来自MTI"
rpgadmin2@rpgdc.com,紧急邮件55,"这是一封紧急邮件,来自MTI"
rpgadmin2@rpgdc.com,紧急邮件56,"这是一封紧急邮件,来自MTI"
rpgadmin2@rpgdc.com,紧急邮件57,"这是一封紧急邮件,来自MTI"
rpgadmin2@rpgdc.com,紧急邮件58,"这是一封紧急邮件,来自MTI"
rpgadmin2@rpgdc.com,紧急邮件59,"这是一封紧急邮件,来自MTI"
rpgadmin2@rpgdc.com,紧急邮件60,"这是一封紧急邮件,来自MTI"
rpgadmin2@rpgdc.com,紧急邮件61,"这是一封紧急邮件,来自MTI"
rpgadmin2@rpgdc.com,紧急邮件62,"这是一封紧急邮件,来自MTI"
rpgadmin2@rpgdc.com,紧急邮件63,"这是一封紧急邮件,来自MTI"
rpgadmin2@rpgdc.com,紧急邮件64,"这是一封紧急邮件,来自MTI"
rpgadmin2@rpgdc.com,紧急邮件65,"这是一封紧急邮件,来自MTI"
rpgadmin2@rpgdc.com,紧急邮件66,"这是一封紧急邮件,来自MTI"
rpgadmin2@rpgdc.com,紧急邮件67,"这是一封紧急邮件,来自MTI"
rpgadmin2@rpgdc.com,紧急邮件68,"这是一封紧急邮件,来自MTI"
rpgadmin2@rpgdc.com,紧急邮件69,"这是一封紧急邮件,来自MTI"
rpgadmin2@rpgdc.com,紧急邮件70,"这是一封紧急邮件,来自MTI"
rpgadmin2@rpgdc.com,紧急邮件71,"这是一封紧急邮件,来自MTI"
rpgadmin2@rpgdc.com,紧急邮件72,"这是一封紧急邮件,来自MTI"
rpgadmin2@rpgdc.com,紧急邮件73,"这是一封紧急邮件,来自MTI"
rpgadmin2@rpgdc.com,紧急邮件74,"这是一封紧急邮件,来自MTI"
rpgadmin2@rpgdc.com,紧急邮件75,"这是一封紧急邮件,来自MTI"
rpgadmin2@rpgdc.com,紧急邮件76,"这是一封紧急邮件,来自MTI"
rpgadmin2@rpgdc.com,紧急邮件77,"这是一封紧急邮件,来自MTI"
rpgadmin2@rpgdc.com,紧急邮件78,"这是一封紧急邮件,来自MTI"
rpgadmin2@rpgdc.com,紧急邮件79,"这是一封紧急邮件,来自MTI"
rpgadmin2@rpgdc.com,紧急邮件80,"这是一封紧急邮件,来自MTI"
rpgadmin2@rpgdc.com,紧急邮件81,"这是一封紧急邮件,来自MTI"
rpgadmin2@rpgdc.com,紧急邮件82,"这是一封紧急邮件,来自MTI"
rpgadmin2@rpgdc.com,紧急邮件83,"这是一封紧急邮件,来自MTI"
rpgadmin2@rpgdc.com,紧急邮件84,"这是一封紧急邮件,来自MTI"
rpgadmin2@rpgdc.com,紧急邮件85,"这是一封紧急邮件,来自MTI"
rpgadmin2@rpgdc.com,紧急邮件86,"这是一封紧急邮件,来自MTI"
rpgadmin2@rpgdc.com,紧急邮件87,"这是一封紧急邮件,来自MTI"
rpgadmin2@rpgdc.com,紧急邮件88,"这是一封紧急邮件,来自MTI"
rpgadmin2@rpgdc.com,紧急邮件89,"这是一封紧急邮件,来自MTI"
rpgadmin2@rpgdc.com,紧急邮件90,"这是一封紧急邮件,来自MTI"
rpgadmin2@rpgdc.com,紧急邮件91,"这是一封紧急邮件,来自MTI"
rpgadmin2@rpgdc.com,紧急邮件92,"这是一封紧急邮件,来自MTI"
rpgadmin2@rpgdc.com,紧急邮件93,"这是一封紧急邮件,来自MTI"
rpgadmin2@rpgdc.com,紧急邮件94,"这是一封紧急邮件,来自MTI"
rpgadmin2@rpgdc.com,紧急邮件95,"这是一封紧急邮件,来自MTI"
rpgadmin2@rpgdc.com,紧急邮件96,"这是一封紧急邮件,来自MTI"
rpgadmin2@rpgdc.com,紧急邮件97,"这是一封紧急邮件,来自MTI"
rpgadmin2@rpgdc.com,紧急邮件98,"这是一封紧急邮件,来自MTI"
rpgadmin2@rpgdc.com,紧急邮件99,"这是一封紧急邮件,来自MTI"
rpgadmin2@rpgdc.com,紧急邮件100,"这是一封紧急邮件,来自MTI"
rpgadmin2@rpgdc.com,紧急邮件1,"这是一封紧急邮件,来自MTI"
rpgadmin2@rpgdc.com,紧急邮件2,"这是一封紧急邮件,来自MTI"
rpgadmin2@rpgdc.com,紧急邮件3,"这是一封紧急邮件,来自MTI"
rpgadmin2@rpgdc.com,紧急邮件4,"这是一封紧急邮件,来自MTI"
rpgadmin2@rpgdc.com,紧急邮件5,"这是一封紧急邮件,来自MTI"
rpgadmin2@rpgdc.com,紧急邮件6,"这是一封紧急邮件,来自MTI"
rpgadmin2@rpgdc.com,紧急邮件7,"这是一封紧急邮件,来自MTI"
rpgadmin2@rpgdc.com,紧急邮件8,"这是一封紧急邮件,来自MTI"
rpgadmin2@rpgdc.com,紧急邮件9,"这是一封紧急邮件,来自MTI"
rpgadmin2@rpgdc.com,紧急邮件10,"这是一封紧急邮件,来自MTI"
rpgadmin2@rpgdc.com,紧急邮件11,"这是一封紧急邮件,来自MTI"
rpgadmin2@rpgdc.com,紧急邮件12,"这是一封紧急邮件,来自MTI"
rpgadmin2@rpgdc.com,紧急邮件13,"这是一封紧急邮件,来自MTI"
rpgadmin2@rpgdc.com,紧急邮件14,"这是一封紧急邮件,来自MTI"
rpgadmin2@rpgdc.com,紧急邮件15,"这是一封紧急邮件,来自MTI"
rpgadmin2@rpgdc.com,紧急邮件16,"这是一封紧急邮件,来自MTI"
rpgadmin2@rpgdc.com,紧急邮件17,"这是一封紧急邮件,来自MTI"
rpgadmin2@rpgdc.com,紧急邮件18,"这是一封紧急邮件,来自MTI"
rpgadmin2@rpgdc.com,紧急邮件19,"这是一封紧急邮件,来自MTI"
rpgadmin2@rpgdc.com,紧急邮件20,"这是一封紧急邮件,来自MTI"
rpgadmin2@rpgdc.com,紧急邮件21,"这是一封紧急邮件,来自MTI"
rpgadmin2@rpgdc.com,紧急邮件22,"这是一封紧急邮件,来自MTI"
rpgadmin2@rpgdc.com,紧急邮件23,"这是一封紧急邮件,来自MTI"
rpgadmin2@rpgdc.com,紧急邮件24,"这是一封紧急邮件,来自MTI"
rpgadmin2@rpgdc.com,紧急邮件25,"这是一封紧急邮件,来自MTI"
rpgadmin2@rpgdc.com,紧急邮件26,"这是一封紧急邮件,来自MTI"
rpgadmin2@rpgdc.com,紧急邮件27,"这是一封紧急邮件,来自MTI"
rpgadmin2@rpgdc.com,紧急邮件28,"这是一封紧急邮件,来自MTI"
rpgadmin2@rpgdc.com,紧急邮件29,"这是一封紧急邮件,来自MTI"
rpgadmin2@rpgdc.com,紧急邮件30,"这是一封紧急邮件,来自MTI"
rpgadmin2@rpgdc.com,紧急邮件31,"这是一封紧急邮件,来自MTI"
rpgadmin2@rpgdc.com,紧急邮件32,"这是一封紧急邮件,来自MTI"
rpgadmin2@rpgdc.com,紧急邮件33,"这是一封紧急邮件,来自MTI"
rpgadmin2@rpgdc.com,紧急邮件34,"这是一封紧急邮件,来自MTI"
rpgadmin2@rpgdc.com,紧急邮件35,"这是一封紧急邮件,来自MTI"
rpgadmin2@rpgdc.com,紧急邮件36,"这是一封紧急邮件,来自MTI"
rpgadmin2@rpgdc.com,紧急邮件37,"这是一封紧急邮件,来自MTI"
rpgadmin2@rpgdc.com,紧急邮件38,"这是一封紧急邮件,来自MTI"
rpgadmin2@rpgdc.com,紧急邮件39,"这是一封紧急邮件,来自MTI"
rpgadmin2@rpgdc.com,紧急邮件40,"这是一封紧急邮件,来自MTI"
rpgadmin2@rpgdc.com,紧急邮件41,"这是一封紧急邮件,来自MTI"
rpgadmin2@rpgdc.com,紧急邮件42,"这是一封紧急邮件,来自MTI"
rpgadmin2@rpgdc.com,紧急邮件43,"这是一封紧急邮件,来自MTI"
rpgadmin2@rpgdc.com,紧急邮件44,"这是一封紧急邮件,来自MTI"
rpgadmin2@rpgdc.com,紧急邮件45,"这是一封紧急邮件,来自MTI"
rpgadmin2@rpgdc.com,紧急邮件46,"这是一封紧急邮件,来自MTI"
rpgadmin2@rpgdc.com,紧急邮件47,"这是一封紧急邮件,来自MTI"
rpgadmin2@rpgdc.com,紧急邮件48,"这是一封紧急邮件,来自MTI"
rpgadmin2@rpgdc.com,紧急邮件49,"这是一封紧急邮件,来自MTI"
rpgadmin2@rpgdc.com,紧急邮件50,"这是一封紧急邮件,来自MTI"
rpgadmin2@rpgdc.com,紧急邮件51,"这是一封紧急邮件,来自MTI"
rpgadmin2@rpgdc.com,紧急邮件52,"这是一封紧急邮件,来自MTI"
rpgadmin2@rpgdc.com,紧急邮件53,"这是一封紧急邮件,来自MTI"
rpgadmin2@rpgdc.com,紧急邮件54,"这是一封紧急邮件,来自MTI"
rpgadmin2@rpgdc.com,紧急邮件55,"这是一封紧急邮件,来自MTI"
rpgadmin2@rpgdc.com,紧急邮件56,"这是一封紧急邮件,来自MTI"
rpgadmin2@rpgdc.com,紧急邮件57,"这是一封紧急邮件,来自MTI"
rpgadmin2@rpgdc.com,紧急邮件58,"这是一封紧急邮件,来自MTI"
rpgadmin2@rpgdc.com,紧急邮件59,"这是一封紧急邮件,来自MTI"
rpgadmin2@rpgdc.com,紧急邮件60,"这是一封紧急邮件,来自MTI"
rpgadmin2@rpgdc.com,紧急邮件61,"这是一封紧急邮件,来自MTI"
rpgadmin2@rpgdc.com,紧急邮件62,"这是一封紧急邮件,来自MTI"
rpgadmin2@rpgdc.com,紧急邮件63,"这是一封紧急邮件,来自MTI"
rpgadmin2@rpgdc.com,紧急邮件64,"这是一封紧急邮件,来自MTI"
rpgadmin2@rpgdc.com,紧急邮件65,"这是一封紧急邮件,来自MTI"
rpgadmin2@rpgdc.com,紧急邮件66,"这是一封紧急邮件,来自MTI"
rpgadmin2@rpgdc.com,紧急邮件67,"这是一封紧急邮件,来自MTI"
rpgadmin2@rpgdc.com,紧急邮件68,"这是一封紧急邮件,来自MTI"
rpgadmin2@rpgdc.com,紧急邮件69,"这是一封紧急邮件,来自MTI"
rpgadmin2@rpgdc.com,紧急邮件70,"这是一封紧急邮件,来自MTI"
rpgadmin2@rpgdc.com,紧急邮件71,"这是一封紧急邮件,来自MTI"
rpgadmin2@rpgdc.com,紧急邮件72,"这是一封紧急邮件,来自MTI"
rpgadmin2@rpgdc.com,紧急邮件73,"这是一封紧急邮件,来自MTI"
rpgadmin2@rpgdc.com,紧急邮件74,"这是一封紧急邮件,来自MTI"
rpgadmin2@rpgdc.com,紧急邮件75,"这是一封紧急邮件,来自MTI"
rpgadmin2@rpgdc.com,紧急邮件76,"这是一封紧急邮件,来自MTI"
rpgadmin2@rpgdc.com,紧急邮件77,"这是一封紧急邮件,来自MTI"
rpgadmin2@rpgdc.com,紧急邮件78,"这是一封紧急邮件,来自MTI"
rpgadmin2@rpgdc.com,紧急邮件79,"这是一封紧急邮件,来自MTI"
rpgadmin2@rpgdc.com,紧急邮件80,"这是一封紧急邮件,来自MTI"
rpgadmin2@rpgdc.com,紧急邮件81,"这是一封紧急邮件,来自MTI"
rpgadmin2@rpgdc.com,紧急邮件82,"这是一封紧急邮件,来自MTI"
rpgadmin2@rpgdc.com,紧急邮件83,"这是一封紧急邮件,来自MTI"
rpgadmin2@rpgdc.com,紧急邮件84,"这是一封紧急邮件,来自MTI"
rpgadmin2@rpgdc.com,紧急邮件85,"这是一封紧急邮件,来自MTI"
rpgadmin2@rpgdc.com,紧急邮件86,"这是一封紧急邮件,来自MTI"
rpgadmin2@rpgdc.com,紧急邮件87,"这是一封紧急邮件,来自MTI"
rpgadmin2@rpgdc.com,紧急邮件88,"这是一封紧急邮件,来自MTI"
rpgadmin2@rpgdc.com,紧急邮件89,"这是一封紧急邮件,来自MTI"
rpgadmin2@rpgdc.com,紧急邮件90,"这是一封紧急邮件,来自MTI"
rpgadmin2@rpgdc.com,紧急邮件91,"这是一封紧急邮件,来自MTI"
rpgadmin2@rpgdc.com,紧急邮件92,"这是一封紧急邮件,来自MTI"
rpgadmin2@rpgdc.com,紧急邮件93,"这是一封紧急邮件,来自MTI"
rpgadmin2@rpgdc.com,紧急邮件94,"这是一封紧急邮件,来自MTI"
rpgadmin2@rpgdc.com,紧急邮件95,"这是一封紧急邮件,来自MTI"
rpgadmin2@rpgdc.com,紧急邮件96,"这是一封紧急邮件,来自MTI"
rpgadmin2@rpgdc.com,紧急邮件97,"这是一封紧急邮件,来自MTI"
rpgadmin2@rpgdc.com,紧急邮件98,"这是一封紧急邮件,来自MTI"
rpgadmin2@rpgdc.com,紧急邮件99,"这是一封紧急邮件,来自MTI"
rpgadmin2@rpgdc.com,紧急邮件100,"这是一封紧急邮件,来自MTI"
rpgadmin2@rpgdc.com,紧急邮件1,"这是一封紧急邮件,来自MTI"
rpgadmin2@rpgdc.com,紧急邮件2,"这是一封紧急邮件,来自MTI"
rpgadmin2@rpgdc.com,紧急邮件3,"这是一封紧急邮件,来自MTI"
rpgadmin2@rpgdc.com,紧急邮件4,"这是一封紧急邮件,来自MTI"
rpgadmin2@rpgdc.com,紧急邮件5,"这是一封紧急邮件,来自MTI"
rpgadmin2@rpgdc.com,紧急邮件6,"这是一封紧急邮件,来自MTI"
rpgadmin2@rpgdc.com,紧急邮件7,"这是一封紧急邮件,来自MTI"
rpgadmin2@rpgdc.com,紧急邮件8,"这是一封紧急邮件,来自MTI"
rpgadmin2@rpgdc.com,紧急邮件9,"这是一封紧急邮件,来自MTI"
rpgadmin2@rpgdc.com,紧急邮件10,"这是一封紧急邮件,来自MTI"
rpgadmin2@rpgdc.com,紧急邮件11,"这是一封紧急邮件,来自MTI"
rpgadmin2@rpgdc.com,紧急邮件12,"这是一封紧急邮件,来自MTI"
rpgadmin2@rpgdc.com,紧急邮件13,"这是一封紧急邮件,来自MTI"
rpgadmin2@rpgdc.com,紧急邮件14,"这是一封紧急邮件,来自MTI"
rpgadmin2@rpgdc.com,紧急邮件15,"这是一封紧急邮件,来自MTI"
rpgadmin2@rpgdc.com,紧急邮件16,"这是一封紧急邮件,来自MTI"
rpgadmin2@rpgdc.com,紧急邮件17,"这是一封紧急邮件,来自MTI"
rpgadmin2@rpgdc.com,紧急邮件18,"这是一封紧急邮件,来自MTI"
rpgadmin2@rpgdc.com,紧急邮件19,"这是一封紧急邮件,来自MTI"
rpgadmin2@rpgdc.com,紧急邮件20,"这是一封紧急邮件,来自MTI"
rpgadmin2@rpgdc.com,紧急邮件21,"这是一封紧急邮件,来自MTI"
rpgadmin2@rpgdc.com,紧急邮件22,"这是一封紧急邮件,来自MTI"
rpgadmin2@rpgdc.com,紧急邮件23,"这是一封紧急邮件,来自MTI"
rpgadmin2@rpgdc.com,紧急邮件24,"这是一封紧急邮件,来自MTI"
rpgadmin2@rpgdc.com,紧急邮件25,"这是一封紧急邮件,来自MTI"
rpgadmin2@rpgdc.com,紧急邮件26,"这是一封紧急邮件,来自MTI"
rpgadmin2@rpgdc.com,紧急邮件27,"这是一封紧急邮件,来自MTI"
rpgadmin2@rpgdc.com,紧急邮件28,"这是一封紧急邮件,来自MTI"
rpgadmin2@rpgdc.com,紧急邮件29,"这是一封紧急邮件,来自MTI"
rpgadmin2@rpgdc.com,紧急邮件30,"这是一封紧急邮件,来自MTI"
rpgadmin2@rpgdc.com,紧急邮件31,"这是一封紧急邮件,来自MTI"
rpgadmin2@rpgdc.com,紧急邮件32,"这是一封紧急邮件,来自MTI"
rpgadmin2@rpgdc.com,紧急邮件33,"这是一封紧急邮件,来自MTI"
rpgadmin2@rpgdc.com,紧急邮件34,"这是一封紧急邮件,来自MTI"
rpgadmin2@rpgdc.com,紧急邮件35,"这是一封紧急邮件,来自MTI"
rpgadmin2@rpgdc.com,紧急邮件36,"这是一封紧急邮件,来自MTI"
rpgadmin2@rpgdc.com,紧急邮件37,"这是一封紧急邮件,来自MTI"
rpgadmin2@rpgdc.com,紧急邮件38,"这是一封紧急邮件,来自MTI"
rpgadmin2@rpgdc.com,紧急邮件39,"这是一封紧急邮件,来自MTI"
rpgadmin2@rpgdc.com,紧急邮件40,"这是一封紧急邮件,来自MTI"
rpgadmin2@rpgdc.com,紧急邮件41,"这是一封紧急邮件,来自MTI"
rpgadmin2@rpgdc.com,紧急邮件42,"这是一封紧急邮件,来自MTI"
rpgadmin2@rpgdc.com,紧急邮件43,"这是一封紧急邮件,来自MTI"
rpgadmin2@rpgdc.com,紧急邮件44,"这是一封紧急邮件,来自MTI"
rpgadmin2@rpgdc.com,紧急邮件45,"这是一封紧急邮件,来自MTI"
rpgadmin2@rpgdc.com,紧急邮件46,"这是一封紧急邮件,来自MTI"
rpgadmin2@rpgdc.com,紧急邮件47,"这是一封紧急邮件,来自MTI"
rpgadmin2@rpgdc.com,紧急邮件48,"这是一封紧急邮件,来自MTI"
rpgadmin2@rpgdc.com,紧急邮件49,"这是一封紧急邮件,来自MTI"
rpgadmin2@rpgdc.com,紧急邮件50,"这是一封紧急邮件,来自MTI"
rpgadmin2@rpgdc.com,紧急邮件51,"这是一封紧急邮件,来自MTI"
rpgadmin2@rpgdc.com,紧急邮件52,"这是一封紧急邮件,来自MTI"
rpgadmin2@rpgdc.com,紧急邮件53,"这是一封紧急邮件,来自MTI"
rpgadmin2@rpgdc.com,紧急邮件54,"这是一封紧急邮件,来自MTI"
rpgadmin2@rpgdc.com,紧急邮件55,"这是一封紧急邮件,来自MTI"
rpgadmin2@rpgdc.com,紧急邮件56,"这是一封紧急邮件,来自MTI"
rpgadmin2@rpgdc.com,紧急邮件57,"这是一封紧急邮件,来自MTI"
rpgadmin2@rpgdc.com,紧急邮件58,"这是一封紧急邮件,来自MTI"
rpgadmin2@rpgdc.com,紧急邮件59,"这是一封紧急邮件,来自MTI"
rpgadmin2@rpgdc.com,紧急邮件60,"这是一封紧急邮件,来自MTI"
rpgadmin2@rpgdc.com,紧急邮件61,"这是一封紧急邮件,来自MTI"
rpgadmin2@rpgdc.com,紧急邮件62,"这是一封紧急邮件,来自MTI"
rpgadmin2@rpgdc.com,紧急邮件63,"这是一封紧急邮件,来自MTI"
rpgadmin2@rpgdc.com,紧急邮件64,"这是一封紧急邮件,来自MTI"
rpgadmin2@rpgdc.com,紧急邮件65,"这是一封紧急邮件,来自MTI"
rpgadmin2@rpgdc.com,紧急邮件66,"这是一封紧急邮件,来自MTI"
rpgadmin2@rpgdc.com,紧急邮件67,"这是一封紧急邮件,来自MTI"
rpgadmin2@rpgdc.com,紧急邮件68,"这是一封紧急邮件,来自MTI"
rpgadmin2@rpgdc.com,紧急邮件69,"这是一封紧急邮件,来自MTI"
rpgadmin2@rpgdc.com,紧急邮件70,"这是一封紧急邮件,来自MTI"
rpgadmin2@rpgdc.com,紧急邮件71,"这是一封紧急邮件,来自MTI"
rpgadmin2@rpgdc.com,紧急邮件72,"这是一封紧急邮件,来自MTI"
rpgadmin2@rpgdc.com,紧急邮件73,"这是一封紧急邮件,来自MTI"
rpgadmin2@rpgdc.com,紧急邮件74,"这是一封紧急邮件,来自MTI"
rpgadmin2@rpgdc.com,紧急邮件75,"这是一封紧急邮件,来自MTI"
rpgadmin2@rpgdc.com,紧急邮件76,"这是一封紧急邮件,来自MTI"
rpgadmin2@rpgdc.com,紧急邮件77,"这是一封紧急邮件,来自MTI"
rpgadmin2@rpgdc.com,紧急邮件78,"这是一封紧急邮件,来自MTI"
rpgadmin2@rpgdc.com,紧急邮件79,"这是一封紧急邮件,来自MTI"
rpgadmin2@rpgdc.com,紧急邮件80,"这是一封紧急邮件,来自MTI"
rpgadmin2@rpgdc.com,紧急邮件81,"这是一封紧急邮件,来自MTI"
rpgadmin2@rpgdc.com,紧急邮件82,"这是一封紧急邮件,来自MTI"
rpgadmin2@rpgdc.com,紧急邮件83,"这是一封紧急邮件,来自MTI"
rpgadmin2@rpgdc.com,紧急邮件84,"这是一封紧急邮件,来自MTI"
rpgadmin2@rpgdc.com,紧急邮件85,"这是一封紧急邮件,来自MTI"
rpgadmin2@rpgdc.com,紧急邮件86,"这是一封紧急邮件,来自MTI"
rpgadmin2@rpgdc.com,紧急邮件87,"这是一封紧急邮件,来自MTI"
rpgadmin2@rpgdc.com,紧急邮件88,"这是一封紧急邮件,来自MTI"
rpgadmin2@rpgdc.com,紧急邮件89,"这是一封紧急邮件,来自MTI"
rpgadmin2@rpgdc.com,紧急邮件90,"这是一封紧急邮件,来自MTI"
rpgadmin2@rpgdc.com,紧急邮件91,"这是一封紧急邮件,来自MTI"
rpgadmin2@rpgdc.com,紧急邮件92,"这是一封紧急邮件,来自MTI"
rpgadmin2@rpgdc.com,紧急邮件93,"这是一封紧急邮件,来自MTI"
rpgadmin2@rpgdc.com,紧急邮件94,"这是一封紧急邮件,来自MTI"
rpgadmin2@rpgdc.com,紧急邮件95,"这是一封紧急邮件,来自MTI"
rpgadmin2@rpgdc.com,紧急邮件96,"这是一封紧急邮件,来自MTI"
rpgadmin2@rpgdc.com,紧急邮件97,"这是一封紧急邮件,来自MTI"
rpgadmin2@rpgdc.com,紧急邮件98,"这是一封紧急邮件,来自MTI"
rpgadmin2@rpgdc.com,紧急邮件99,"这是一封紧急邮件,来自MTI"
rpgadmin2@rpgdc.com,紧急邮件100,"这是一封紧急邮件,来自MTI"
rpgadmin2@rpgdc.com,紧急邮件1,"这是一封紧急邮件,来自MTI"
rpgadmin2@rpgdc.com,紧急邮件2,"这是一封紧急邮件,来自MTI"
rpgadmin2@rpgdc.com,紧急邮件3,"这是一封紧急邮件,来自MTI"
rpgadmin2@rpgdc.com,紧急邮件4,"这是一封紧急邮件,来自MTI"
rpgadmin2@rpgdc.com,紧急邮件5,"这是一封紧急邮件,来自MTI"
rpgadmin2@rpgdc.com,紧急邮件6,"这是一封紧急邮件,来自MTI"
rpgadmin2@rpgdc.com,紧急邮件7,"这是一封紧急邮件,来自MTI"
rpgadmin2@rpgdc.com,紧急邮件8,"这是一封紧急邮件,来自MTI"
rpgadmin2@rpgdc.com,紧急邮件9,"这是一封紧急邮件,来自MTI"
rpgadmin2@rpgdc.com,紧急邮件10,"这是一封紧急邮件,来自MTI"
rpgadmin2@rpgdc.com,紧急邮件11,"这是一封紧急邮件,来自MTI"
rpgadmin2@rpgdc.com,紧急邮件12,"这是一封紧急邮件,来自MTI"
rpgadmin2@rpgdc.com,紧急邮件13,"这是一封紧急邮件,来自MTI"
rpgadmin2@rpgdc.com,紧急邮件14,"这是一封紧急邮件,来自MTI"
rpgadmin2@rpgdc.com,紧急邮件15,"这是一封紧急邮件,来自MTI"
rpgadmin2@rpgdc.com,紧急邮件16,"这是一封紧急邮件,来自MTI"
rpgadmin2@rpgdc.com,紧急邮件17,"这是一封紧急邮件,来自MTI"
rpgadmin2@rpgdc.com,紧急邮件18,"这是一封紧急邮件,来自MTI"
rpgadmin2@rpgdc.com,紧急邮件19,"这是一封紧急邮件,来自MTI"
rpgadmin2@rpgdc.com,紧急邮件20,"这是一封紧急邮件,来自MTI"
rpgadmin2@rpgdc.com,紧急邮件21,"这是一封紧急邮件,来自MTI"
rpgadmin2@rpgdc.com,紧急邮件22,"这是一封紧急邮件,来自MTI"
rpgadmin2@rpgdc.com,紧急邮件23,"这是一封紧急邮件,来自MTI"
rpgadmin2@rpgdc.com,紧急邮件24,"这是一封紧急邮件,来自MTI"
rpgadmin2@rpgdc.com,紧急邮件25,"这是一封紧急邮件,来自MTI"
rpgadmin2@rpgdc.com,紧急邮件26,"这是一封紧急邮件,来自MTI"
rpgadmin2@rpgdc.com,紧急邮件27,"这是一封紧急邮件,来自MTI"
rpgadmin2@rpgdc.com,紧急邮件28,"这是一封紧急邮件,来自MTI"
rpgadmin2@rpgdc.com,紧急邮件29,"这是一封紧急邮件,来自MTI"
rpgadmin2@rpgdc.com,紧急邮件30,"这是一封紧急邮件,来自MTI"
rpgadmin2@rpgdc.com,紧急邮件31,"这是一封紧急邮件,来自MTI"
rpgadmin2@rpgdc.com,紧急邮件32,"这是一封紧急邮件,来自MTI"
rpgadmin2@rpgdc.com,紧急邮件33,"这是一封紧急邮件,来自MTI"
rpgadmin2@rpgdc.com,紧急邮件34,"这是一封紧急邮件,来自MTI"
rpgadmin2@rpgdc.com,紧急邮件35,"这是一封紧急邮件,来自MTI"
rpgadmin2@rpgdc.com,紧急邮件36,"这是一封紧急邮件,来自MTI"
rpgadmin2@rpgdc.com,紧急邮件37,"这是一封紧急邮件,来自MTI"
rpgadmin2@rpgdc.com,紧急邮件38,"这是一封紧急邮件,来自MTI"
rpgadmin2@rpgdc.com,紧急邮件39,"这是一封紧急邮件,来自MTI"
rpgadmin2@rpgdc.com,紧急邮件40,"这是一封紧急邮件,来自MTI"
rpgadmin2@rpgdc.com,紧急邮件41,"这是一封紧急邮件,来自MTI"
rpgadmin2@rpgdc.com,紧急邮件42,"这是一封紧急邮件,来自MTI"
rpgadmin2@rpgdc.com,紧急邮件43,"这是一封紧急邮件,来自MTI"
rpgadmin2@rpgdc.com,紧急邮件44,"这是一封紧急邮件,来自MTI"
rpgadmin2@rpgdc.com,紧急邮件45,"这是一封紧急邮件,来自MTI"
rpgadmin2@rpgdc.com,紧急邮件46,"这是一封紧急邮件,来自MTI"
rpgadmin2@rpgdc.com,紧急邮件47,"这是一封紧急邮件,来自MTI"
rpgadmin2@rpgdc.com,紧急邮件48,"这是一封紧急邮件,来自MTI"
rpgadmin2@rpgdc.com,紧急邮件49,"这是一封紧急邮件,来自MTI"
rpgadmin2@rpgdc.com,紧急邮件50,"这是一封紧急邮件,来自MTI"
rpgadmin2@rpgdc.com,紧急邮件51,"这是一封紧急邮件,来自MTI"
rpgadmin2@rpgdc.com,紧急邮件52,"这是一封紧急邮件,来自MTI"
rpgadmin2@rpgdc.com,紧急邮件53,"这是一封紧急邮件,来自MTI"
rpgadmin2@rpgdc.com,紧急邮件54,"这是一封紧急邮件,来自MTI"
rpgadmin2@rpgdc.com,紧急邮件55,"这是一封紧急邮件,来自MTI"
rpgadmin2@rpgdc.com,紧急邮件56,"这是一封紧急邮件,来自MTI"
rpgadmin2@rpgdc.com,紧急邮件57,"这是一封紧急邮件,来自MTI"
rpgadmin2@rpgdc.com,紧急邮件58,"这是一封紧急邮件,来自MTI"
rpgadmin2@rpgdc.com,紧急邮件59,"这是一封紧急邮件,来自MTI"
rpgadmin2@rpgdc.com,紧急邮件60,"这是一封紧急邮件,来自MTI"
rpgadmin2@rpgdc.com,紧急邮件61,"这是一封紧急邮件,来自MTI"
rpgadmin2@rpgdc.com,紧急邮件62,"这是一封紧急邮件,来自MTI"
rpgadmin2@rpgdc.com,紧急邮件63,"这是一封紧急邮件,来自MTI"
rpgadmin2@rpgdc.com,紧急邮件64,"这是一封紧急邮件,来自MTI"
rpgadmin2@rpgdc.com,紧急邮件65,"这是一封紧急邮件,来自MTI"
rpgadmin2@rpgdc.com,紧急邮件66,"这是一封紧急邮件,来自MTI"
rpgadmin2@rpgdc.com,紧急邮件67,"这是一封紧急邮件,来自MTI"
rpgadmin2@rpgdc.com,紧急邮件68,"这是一封紧急邮件,来自MTI"
rpgadmin2@rpgdc.com,紧急邮件69,"这是一封紧急邮件,来自MTI"
rpgadmin2@rpgdc.com,紧急邮件70,"这是一封紧急邮件,来自MTI"
rpgadmin2@rpgdc.com,紧急邮件71,"这是一封紧急邮件,来自MTI"
rpgadmin2@rpgdc.com,紧急邮件72,"这是一封紧急邮件,来自MTI"
rpgadmin2@rpgdc.com,紧急邮件73,"这是一封紧急邮件,来自MTI"
rpgadmin2@rpgdc.com,紧急邮件74,"这是一封紧急邮件,来自MTI"
rpgadmin2@rpgdc.com,紧急邮件75,"这是一封紧急邮件,来自MTI"
rpgadmin2@rpgdc.com,紧急邮件76,"这是一封紧急邮件,来自MTI"
rpgadmin2@rpgdc.com,紧急邮件77,"这是一封紧急邮件,来自MTI"
rpgadmin2@rpgdc.com,紧急邮件78,"这是一封紧急邮件,来自MTI"
rpgadmin2@rpgdc.com,紧急邮件79,"这是一封紧急邮件,来自MTI"
rpgadmin2@rpgdc.com,紧急邮件80,"这是一封紧急邮件,来自MTI"
rpgadmin2@rpgdc.com,紧急邮件81,"这是一封紧急邮件,来自MTI"
rpgadmin2@rpgdc.com,紧急邮件82,"这是一封紧急邮件,来自MTI"
rpgadmin2@rpgdc.com,紧急邮件83,"这是一封紧急邮件,来自MTI"
rpgadmin2@rpgdc.com,紧急邮件84,"这是一封紧急邮件,来自MTI"
rpgadmin2@rpgdc.com,紧急邮件85,"这是一封紧急邮件,来自MTI"
rpgadmin2@rpgdc.com,紧急邮件86,"这是一封紧急邮件,来自MTI"
rpgadmin2@rpgdc.com,紧急邮件87,"这是一封紧急邮件,来自MTI"
rpgadmin2@rpgdc.com,紧急邮件88,"这是一封紧急邮件,来自MTI"
rpgadmin2@rpgdc.com,紧急邮件89,"这是一封紧急邮件,来自MTI"
rpgadmin2@rpgdc.com,紧急邮件90,"这是一封紧急邮件,来自MTI"
rpgadmin2@rpgdc.com,紧急邮件91,"这是一封紧急邮件,来自MTI"
rpgadmin2@rpgdc.com,紧急邮件92,"这是一封紧急邮件,来自MTI"
rpgadmin2@rpgdc.com,紧急邮件93,"这是一封紧急邮件,来自MTI"
rpgadmin2@rpgdc.com,紧急邮件94,"这是一封紧急邮件,来自MTI"
rpgadmin2@rpgdc.com,紧急邮件95,"这是一封紧急邮件,来自MTI"
rpgadmin2@rpgdc.com,紧急邮件96,"这是一封紧急邮件,来自MTI"
rpgadmin2@rpgdc.com,紧急邮件97,"这是一封紧急邮件,来自MTI"
rpgadmin2@rpgdc.com,紧急邮件98,"这是一封紧急邮件,来自MTI"
rpgadmin2@rpgdc.com,紧急邮件99,"这是一封紧急邮件,来自MTI"
rpgadmin2@rpgdc.com,紧急邮件100,"这是一封紧急邮件,来自MTI"
rpgadmin2@rpgdc.com,紧急邮件1,"这是一封紧急邮件,来自MTI"
rpgadmin2@rpgdc.com,紧急邮件2,"这是一封紧急邮件,来自MTI"
rpgadmin2@rpgdc.com,紧急邮件3,"这是一封紧急邮件,来自MTI"
rpgadmin2@rpgdc.com,紧急邮件4,"这是一封紧急邮件,来自MTI"
rpgadmin2@rpgdc.com,紧急邮件5,"这是一封紧急邮件,来自MTI"
rpgadmin2@rpgdc.com,紧急邮件6,"这是一封紧急邮件,来自MTI"
rpgadmin2@rpgdc.com,紧急邮件7,"这是一封紧急邮件,来自MTI"
rpgadmin2@rpgdc.com,紧急邮件8,"这是一封紧急邮件,来自MTI"
rpgadmin2@rpgdc.com,紧急邮件9,"这是一封紧急邮件,来自MTI"
rpgadmin2@rpgdc.com,紧急邮件10,"这是一封紧急邮件,来自MTI"
rpgadmin2@rpgdc.com,紧急邮件11,"这是一封紧急邮件,来自MTI"
rpgadmin2@rpgdc.com,紧急邮件12,"这是一封紧急邮件,来自MTI"
rpgadmin2@rpgdc.com,紧急邮件13,"这是一封紧急邮件,来自MTI"
rpgadmin2@rpgdc.com,紧急邮件14,"这是一封紧急邮件,来自MTI"
rpgadmin2@rpgdc.com,紧急邮件15,"这是一封紧急邮件,来自MTI"
rpgadmin2@rpgdc.com,紧急邮件16,"这是一封紧急邮件,来自MTI"
rpgadmin2@rpgdc.com,紧急邮件17,"这是一封紧急邮件,来自MTI"
rpgadmin2@rpgdc.com,紧急邮件18,"这是一封紧急邮件,来自MTI"
rpgadmin2@rpgdc.com,紧急邮件19,"这是一封紧急邮件,来自MTI"
rpgadmin2@rpgdc.com,紧急邮件20,"这是一封紧急邮件,来自MTI"
rpgadmin2@rpgdc.com,紧急邮件21,"这是一封紧急邮件,来自MTI"
rpgadmin2@rpgdc.com,紧急邮件22,"这是一封紧急邮件,来自MTI"
rpgadmin2@rpgdc.com,紧急邮件23,"这是一封紧急邮件,来自MTI"
rpgadmin2@rpgdc.com,紧急邮件24,"这是一封紧急邮件,来自MTI"
rpgadmin2@rpgdc.com,紧急邮件25,"这是一封紧急邮件,来自MTI"
rpgadmin2@rpgdc.com,紧急邮件26,"这是一封紧急邮件,来自MTI"
rpgadmin2@rpgdc.com,紧急邮件27,"这是一封紧急邮件,来自MTI"
rpgadmin2@rpgdc.com,紧急邮件28,"这是一封紧急邮件,来自MTI"
rpgadmin2@rpgdc.com,紧急邮件29,"这是一封紧急邮件,来自MTI"
rpgadmin2@rpgdc.com,紧急邮件30,"这是一封紧急邮件,来自MTI"
rpgadmin2@rpgdc.com,紧急邮件31,"这是一封紧急邮件,来自MTI"
rpgadmin2@rpgdc.com,紧急邮件32,"这是一封紧急邮件,来自MTI"
rpgadmin2@rpgdc.com,紧急邮件33,"这是一封紧急邮件,来自MTI"
rpgadmin2@rpgdc.com,紧急邮件34,"这是一封紧急邮件,来自MTI"
rpgadmin2@rpgdc.com,紧急邮件35,"这是一封紧急邮件,来自MTI"
rpgadmin2@rpgdc.com,紧急邮件36,"这是一封紧急邮件,来自MTI"
rpgadmin2@rpgdc.com,紧急邮件37,"这是一封紧急邮件,来自MTI"
rpgadmin2@rpgdc.com,紧急邮件38,"这是一封紧急邮件,来自MTI"
rpgadmin2@rpgdc.com,紧急邮件39,"这是一封紧急邮件,来自MTI"
rpgadmin2@rpgdc.com,紧急邮件40,"这是一封紧急邮件,来自MTI"
rpgadmin2@rpgdc.com,紧急邮件41,"这是一封紧急邮件,来自MTI"
rpgadmin2@rpgdc.com,紧急邮件42,"这是一封紧急邮件,来自MTI"
rpgadmin2@rpgdc.com,紧急邮件43,"这是一封紧急邮件,来自MTI"
rpgadmin2@rpgdc.com,紧急邮件44,"这是一封紧急邮件,来自MTI"
rpgadmin2@rpgdc.com,紧急邮件45,"这是一封紧急邮件,来自MTI"
rpgadmin2@rpgdc.com,紧急邮件46,"这是一封紧急邮件,来自MTI"
rpgadmin2@rpgdc.com,紧急邮件47,"这是一封紧急邮件,来自MTI"
rpgadmin2@rpgdc.com,紧急邮件48,"这是一封紧急邮件,来自MTI"
rpgadmin2@rpgdc.com,紧急邮件49,"这是一封紧急邮件,来自MTI"
rpgadmin2@rpgdc.com,紧急邮件50,"这是一封紧急邮件,来自MTI"
rpgadmin2@rpgdc.com,紧急邮件51,"这是一封紧急邮件,来自MTI"
rpgadmin2@rpgdc.com,紧急邮件52,"这是一封紧急邮件,来自MTI"
rpgadmin2@rpgdc.com,紧急邮件53,"这是一封紧急邮件,来自MTI"
rpgadmin2@rpgdc.com,紧急邮件54,"这是一封紧急邮件,来自MTI"
rpgadmin2@rpgdc.com,紧急邮件55,"这是一封紧急邮件,来自MTI"
rpgadmin2@rpgdc.com,紧急邮件56,"这是一封紧急邮件,来自MTI"
rpgadmin2@rpgdc.com,紧急邮件57,"这是一封紧急邮件,来自MTI"
rpgadmin2@rpgdc.com,紧急邮件58,"这是一封紧急邮件,来自MTI"
rpgadmin2@rpgdc.com,紧急邮件59,"这是一封紧急邮件,来自MTI"
rpgadmin2@rpgdc.com,紧急邮件60,"这是一封紧急邮件,来自MTI"
rpgadmin2@rpgdc.com,紧急邮件61,"这是一封紧急邮件,来自MTI"
rpgadmin2@rpgdc.com,紧急邮件62,"这是一封紧急邮件,来自MTI"
rpgadmin2@rpgdc.com,紧急邮件63,"这是一封紧急邮件,来自MTI"
rpgadmin2@rpgdc.com,紧急邮件64,"这是一封紧急邮件,来自MTI"
rpgadmin2@rpgdc.com,紧急邮件65,"这是一封紧急邮件,来自MTI"
rpgadmin2@rpgdc.com,紧急邮件66,"这是一封紧急邮件,来自MTI"
rpgadmin2@rpgdc.com,紧急邮件67,"这是一封紧急邮件,来自MTI"
rpgadmin2@rpgdc.com,紧急邮件68,"这是一封紧急邮件,来自MTI"
rpgadmin2@rpgdc.com,紧急邮件69,"这是一封紧急邮件,来自MTI"
rpgadmin2@rpgdc.com,紧急邮件70,"这是一封紧急邮件,来自MTI"
rpgadmin2@rpgdc.com,紧急邮件71,"这是一封紧急邮件,来自MTI"
rpgadmin2@rpgdc.com,紧急邮件72,"这是一封紧急邮件,来自MTI"
rpgadmin2@rpgdc.com,紧急邮件73,"这是一封紧急邮件,来自MTI"
rpgadmin2@rpgdc.com,紧急邮件74,"这是一封紧急邮件,来自MTI"
rpgadmin2@rpgdc.com,紧急邮件75,"这是一封紧急邮件,来自MTI"
rpgadmin2@rpgdc.com,紧急邮件76,"这是一封紧急邮件,来自MTI"
rpgadmin2@rpgdc.com,紧急邮件77,"这是一封紧急邮件,来自MTI"
rpgadmin2@rpgdc.com,紧急邮件78,"这是一封紧急邮件,来自MTI"
rpgadmin2@rpgdc.com,紧急邮件79,"这是一封紧急邮件,来自MTI"
rpgadmin2@rpgdc.com,紧急邮件80,"这是一封紧急邮件,来自MTI"
rpgadmin2@rpgdc.com,紧急邮件81,"这是一封紧急邮件,来自MTI"
rpgadmin2@rpgdc.com,紧急邮件82,"这是一封紧急邮件,来自MTI"
rpgadmin2@rpgdc.com,紧急邮件83,"这是一封紧急邮件,来自MTI"
rpgadmin2@rpgdc.com,紧急邮件84,"这是一封紧急邮件,来自MTI"
rpgadmin2@rpgdc.com,紧急邮件85,"这是一封紧急邮件,来自MTI"
rpgadmin2@rpgdc.com,紧急邮件86,"这是一封紧急邮件,来自MTI"
rpgadmin2@rpgdc.com,紧急邮件87,"这是一封紧急邮件,来自MTI"
rpgadmin2@rpgdc.com,紧急邮件88,"这是一封紧急邮件,来自MTI"
rpgadmin2@rpgdc.com,紧急邮件89,"这是一封紧急邮件,来自MTI"
rpgadmin2@rpgdc.com,紧急邮件90,"这是一封紧急邮件,来自MTI"
rpgadmin2@rpgdc.com,紧急邮件91,"这是一封紧急邮件,来自MTI"
rpgadmin2@rpgdc.com,紧急邮件92,"这是一封紧急邮件,来自MTI"
rpgadmin2@rpgdc.com,紧急邮件93,"这是一封紧急邮件,来自MTI"
rpgadmin2@rpgdc.com,紧急邮件94,"这是一封紧急邮件,来自MTI"
rpgadmin2@rpgdc.com,紧急邮件95,"这是一封紧急邮件,来自MTI"
rpgadmin2@rpgdc.com,紧急邮件96,"这是一封紧急邮件,来自MTI"
rpgadmin2@rpgdc.com,紧急邮件97,"这是一封紧急邮件,来自MTI"
rpgadmin2@rpgdc.com,紧急邮件98,"这是一封紧急邮件,来自MTI"
rpgadmin2@rpgdc.com,紧急邮件99,"这是一封紧急邮件,来自MTI"
rpgadmin2@rpgdc.com,紧急邮件100,"这是一封紧急邮件,来自MTI"
rpgadmin2@rpgdc.com,紧急邮件1,"这是一封紧急邮件,来自MTI"
rpgadmin2@rpgdc.com,紧急邮件2,"这是一封紧急邮件,来自MTI"
rpgadmin2@rpgdc.com,紧急邮件3,"这是一封紧急邮件,来自MTI"
rpgadmin2@rpgdc.com,紧急邮件4,"这是一封紧急邮件,来自MTI"
rpgadmin2@rpgdc.com,紧急邮件5,"这是一封紧急邮件,来自MTI"
rpgadmin2@rpgdc.com,紧急邮件6,"这是一封紧急邮件,来自MTI"
rpgadmin2@rpgdc.com,紧急邮件7,"这是一封紧急邮件,来自MTI"
rpgadmin2@rpgdc.com,紧急邮件8,"这是一封紧急邮件,来自MTI"
rpgadmin2@rpgdc.com,紧急邮件9,"这是一封紧急邮件,来自MTI"
rpgadmin2@rpgdc.com,紧急邮件10,"这是一封紧急邮件,来自MTI"
rpgadmin2@rpgdc.com,紧急邮件11,"这是一封紧急邮件,来自MTI"
rpgadmin2@rpgdc.com,紧急邮件12,"这是一封紧急邮件,来自MTI"
rpgadmin2@rpgdc.com,紧急邮件13,"这是一封紧急邮件,来自MTI"
rpgadmin2@rpgdc.com,紧急邮件14,"这是一封紧急邮件,来自MTI"
rpgadmin2@rpgdc.com,紧急邮件15,"这是一封紧急邮件,来自MTI"
rpgadmin2@rpgdc.com,紧急邮件16,"这是一封紧急邮件,来自MTI"
rpgadmin2@rpgdc.com,紧急邮件17,"这是一封紧急邮件,来自MTI"
rpgadmin2@rpgdc.com,紧急邮件18,"这是一封紧急邮件,来自MTI"
rpgadmin2@rpgdc.com,紧急邮件19,"这是一封紧急邮件,来自MTI"
rpgadmin2@rpgdc.com,紧急邮件20,"这是一封紧急邮件,来自MTI"
rpgadmin2@rpgdc.com,紧急邮件21,"这是一封紧急邮件,来自MTI"
rpgadmin2@rpgdc.com,紧急邮件22,"这是一封紧急邮件,来自MTI"
rpgadmin2@rpgdc.com,紧急邮件23,"这是一封紧急邮件,来自MTI"
rpgadmin2@rpgdc.com,紧急邮件24,"这是一封紧急邮件,来自MTI"
rpgadmin2@rpgdc.com,紧急邮件25,"这是一封紧急邮件,来自MTI"
rpgadmin2@rpgdc.com,紧急邮件26,"这是一封紧急邮件,来自MTI"
rpgadmin2@rpgdc.com,紧急邮件27,"这是一封紧急邮件,来自MTI"
rpgadmin2@rpgdc.com,紧急邮件28,"这是一封紧急邮件,来自MTI"
rpgadmin2@rpgdc.com,紧急邮件29,"这是一封紧急邮件,来自MTI"
rpgadmin2@rpgdc.com,紧急邮件30,"这是一封紧急邮件,来自MTI"
rpgadmin2@rpgdc.com,紧急邮件31,"这是一封紧急邮件,来自MTI"
rpgadmin2@rpgdc.com,紧急邮件32,"这是一封紧急邮件,来自MTI"
rpgadmin2@rpgdc.com,紧急邮件33,"这是一封紧急邮件,来自MTI"
rpgadmin2@rpgdc.com,紧急邮件34,"这是一封紧急邮件,来自MTI"
rpgadmin2@rpgdc.com,紧急邮件35,"这是一封紧急邮件,来自MTI"
rpgadmin2@rpgdc.com,紧急邮件36,"这是一封紧急邮件,来自MTI"
rpgadmin2@rpgdc.com,紧急邮件37,"这是一封紧急邮件,来自MTI"
rpgadmin2@rpgdc.com,紧急邮件38,"这是一封紧急邮件,来自MTI"
rpgadmin2@rpgdc.com,紧急邮件39,"这是一封紧急邮件,来自MTI"
rpgadmin2@rpgdc.com,紧急邮件40,"这是一封紧急邮件,来自MTI"
rpgadmin2@rpgdc.com,紧急邮件41,"这是一封紧急邮件,来自MTI"
rpgadmin2@rpgdc.com,紧急邮件42,"这是一封紧急邮件,来自MTI"
rpgadmin2@rpgdc.com,紧急邮件43,"这是一封紧急邮件,来自MTI"
rpgadmin2@rpgdc.com,紧急邮件44,"这是一封紧急邮件,来自MTI"
rpgadmin2@rpgdc.com,紧急邮件45,"这是一封紧急邮件,来自MTI"
rpgadmin2@rpgdc.com,紧急邮件46,"这是一封紧急邮件,来自MTI"
rpgadmin2@rpgdc.com,紧急邮件47,"这是一封紧急邮件,来自MTI"
rpgadmin2@rpgdc.com,紧急邮件48,"这是一封紧急邮件,来自MTI"
rpgadmin2@rpgdc.com,紧急邮件49,"这是一封紧急邮件,来自MTI"
rpgadmin2@rpgdc.com,紧急邮件50,"这是一封紧急邮件,来自MTI"
rpgadmin2@rpgdc.com,紧急邮件51,"这是一封紧急邮件,来自MTI"
rpgadmin2@rpgdc.com,紧急邮件52,"这是一封紧急邮件,来自MTI"
rpgadmin2@rpgdc.com,紧急邮件53,"这是一封紧急邮件,来自MTI"
rpgadmin2@rpgdc.com,紧急邮件54,"这是一封紧急邮件,来自MTI"
rpgadmin2@rpgdc.com,紧急邮件55,"这是一封紧急邮件,来自MTI"
rpgadmin2@rpgdc.com,紧急邮件56,"这是一封紧急邮件,来自MTI"
rpgadmin2@rpgdc.com,紧急邮件57,"这是一封紧急邮件,来自MTI"
rpgadmin2@rpgdc.com,紧急邮件58,"这是一封紧急邮件,来自MTI"
rpgadmin2@rpgdc.com,紧急邮件59,"这是一封紧急邮件,来自MTI"
rpgadmin2@rpgdc.com,紧急邮件60,"这是一封紧急邮件,来自MTI"
rpgadmin2@rpgdc.com,紧急邮件61,"这是一封紧急邮件,来自MTI"
rpgadmin2@rpgdc.com,紧急邮件62,"这是一封紧急邮件,来自MTI"
rpgadmin2@rpgdc.com,紧急邮件63,"这是一封紧急邮件,来自MTI"
rpgadmin2@rpgdc.com,紧急邮件64,"这是一封紧急邮件,来自MTI"
rpgadmin2@rpgdc.com,紧急邮件65,"这是一封紧急邮件,来自MTI"
rpgadmin2@rpgdc.com,紧急邮件66,"这是一封紧急邮件,来自MTI"
rpgadmin2@rpgdc.com,紧急邮件67,"这是一封紧急邮件,来自MTI"
rpgadmin2@rpgdc.com,紧急邮件68,"这是一封紧急邮件,来自MTI"
rpgadmin2@rpgdc.com,紧急邮件69,"这是一封紧急邮件,来自MTI"
rpgadmin2@rpgdc.com,紧急邮件70,"这是一封紧急邮件,来自MTI"
rpgadmin2@rpgdc.com,紧急邮件71,"这是一封紧急邮件,来自MTI"
rpgadmin2@rpgdc.com,紧急邮件72,"这是一封紧急邮件,来自MTI"
rpgadmin2@rpgdc.com,紧急邮件73,"这是一封紧急邮件,来自MTI"
rpgadmin2@rpgdc.com,紧急邮件74,"这是一封紧急邮件,来自MTI"
rpgadmin2@rpgdc.com,紧急邮件75,"这是一封紧急邮件,来自MTI"
rpgadmin2@rpgdc.com,紧急邮件76,"这是一封紧急邮件,来自MTI"
rpgadmin2@rpgdc.com,紧急邮件77,"这是一封紧急邮件,来自MTI"
rpgadmin2@rpgdc.com,紧急邮件78,"这是一封紧急邮件,来自MTI"
rpgadmin2@rpgdc.com,紧急邮件79,"这是一封紧急邮件,来自MTI"
rpgadmin2@rpgdc.com,紧急邮件80,"这是一封紧急邮件,来自MTI"
rpgadmin2@rpgdc.com,紧急邮件81,"这是一封紧急邮件,来自MTI"
rpgadmin2@rpgdc.com,紧急邮件82,"这是一封紧急邮件,来自MTI"
rpgadmin2@rpgdc.com,紧急邮件83,"这是一封紧急邮件,来自MTI"
rpgadmin2@rpgdc.com,紧急邮件84,"这是一封紧急邮件,来自MTI"
rpgadmin2@rpgdc.com,紧急邮件85,"这是一封紧急邮件,来自MTI"
rpgadmin2@rpgdc.com,紧急邮件86,"这是一封紧急邮件,来自MTI"
rpgadmin2@rpgdc.com,紧急邮件87,"这是一封紧急邮件,来自MTI"
rpgadmin2@rpgdc.com,紧急邮件88,"这是一封紧急邮件,来自MTI"
rpgadmin2@rpgdc.com,紧急邮件89,"这是一封紧急邮件,来自MTI"
rpgadmin2@rpgdc.com,紧急邮件90,"这是一封紧急邮件,来自MTI"
rpgadmin2@rpgdc.com,紧急邮件91,"这是一封紧急邮件,来自MTI"
rpgadmin2@rpgdc.com,紧急邮件92,"这是一封紧急邮件,来自MTI"
rpgadmin2@rpgdc.com,紧急邮件93,"这是一封紧急邮件,来自MTI"
rpgadmin2@rpgdc.com,紧急邮件94,"这是一封紧急邮件,来自MTI"
rpgadmin2@rpgdc.com,紧急邮件95,"这是一封紧急邮件,来自MTI"
rpgadmin2@rpgdc.com,紧急邮件96,"这是一封紧急邮件,来自MTI"
rpgadmin2@rpgdc.com,紧急邮件97,"这是一封紧急邮件,来自MTI"
rpgadmin2@rpgdc.com,紧急邮件98,"这是一封紧急邮件,来自MTI"
rpgadmin2@rpgdc.com,紧急邮件99,"这是一封紧急邮件,来自MTI"
rpgadmin2@rpgdc.com,紧急邮件100,"这是一封紧急邮件,来自MTI"
rpgadmin2@rpgdc.com,紧急邮件1,"这是一封紧急邮件,来自MTI"
rpgadmin2@rpgdc.com,紧急邮件2,"这是一封紧急邮件,来自MTI"
rpgadmin2@rpgdc.com,紧急邮件3,"这是一封紧急邮件,来自MTI"
rpgadmin2@rpgdc.com,紧急邮件4,"这是一封紧急邮件,来自MTI"
rpgadmin2@rpgdc.com,紧急邮件5,"这是一封紧急邮件,来自MTI"
rpgadmin2@rpgdc.com,紧急邮件6,"这是一封紧急邮件,来自MTI"
rpgadmin2@rpgdc.com,紧急邮件7,"这是一封紧急邮件,来自MTI"
rpgadmin2@rpgdc.com,紧急邮件8,"这是一封紧急邮件,来自MTI"
rpgadmin2@rpgdc.com,紧急邮件9,"这是一封紧急邮件,来自MTI"
rpgadmin2@rpgdc.com,紧急邮件10,"这是一封紧急邮件,来自MTI"
rpgadmin2@rpgdc.com,紧急邮件11,"这是一封紧急邮件,来自MTI"
rpgadmin2@rpgdc.com,紧急邮件12,"这是一封紧急邮件,来自MTI"
rpgadmin2@rpgdc.com,紧急邮件13,"这是一封紧急邮件,来自MTI"
rpgadmin2@rpgdc.com,紧急邮件14,"这是一封紧急邮件,来自MTI"
rpgadmin2@rpgdc.com,紧急邮件15,"这是一封紧急邮件,来自MTI"
rpgadmin2@rpgdc.com,紧急邮件16,"这是一封紧急邮件,来自MTI"
rpgadmin2@rpgdc.com,紧急邮件17,"这是一封紧急邮件,来自MTI"
rpgadmin2@rpgdc.com,紧急邮件18,"这是一封紧急邮件,来自MTI"
rpgadmin2@rpgdc.com,紧急邮件19,"这是一封紧急邮件,来自MTI"
rpgadmin2@rpgdc.com,紧急邮件20,"这是一封紧急邮件,来自MTI"
rpgadmin2@rpgdc.com,紧急邮件21,"这是一封紧急邮件,来自MTI"
rpgadmin2@rpgdc.com,紧急邮件22,"这是一封紧急邮件,来自MTI"
rpgadmin2@rpgdc.com,紧急邮件23,"这是一封紧急邮件,来自MTI"
rpgadmin2@rpgdc.com,紧急邮件24,"这是一封紧急邮件,来自MTI"
rpgadmin2@rpgdc.com,紧急邮件25,"这是一封紧急邮件,来自MTI"
rpgadmin2@rpgdc.com,紧急邮件26,"这是一封紧急邮件,来自MTI"
rpgadmin2@rpgdc.com,紧急邮件27,"这是一封紧急邮件,来自MTI"
rpgadmin2@rpgdc.com,紧急邮件28,"这是一封紧急邮件,来自MTI"
rpgadmin2@rpgdc.com,紧急邮件29,"这是一封紧急邮件,来自MTI"
rpgadmin2@rpgdc.com,紧急邮件30,"这是一封紧急邮件,来自MTI"
rpgadmin2@rpgdc.com,紧急邮件31,"这是一封紧急邮件,来自MTI"
rpgadmin2@rpgdc.com,紧急邮件32,"这是一封紧急邮件,来自MTI"
rpgadmin2@rpgdc.com,紧急邮件33,"这是一封紧急邮件,来自MTI"
rpgadmin2@rpgdc.com,紧急邮件34,"这是一封紧急邮件,来自MTI"
rpgadmin2@rpgdc.com,紧急邮件35,"这是一封紧急邮件,来自MTI"
rpgadmin2@rpgdc.com,紧急邮件36,"这是一封紧急邮件,来自MTI"
rpgadmin2@rpgdc.com,紧急邮件37,"这是一封紧急邮件,来自MTI"
rpgadmin2@rpgdc.com,紧急邮件38,"这是一封紧急邮件,来自MTI"
rpgadmin2@rpgdc.com,紧急邮件39,"这是一封紧急邮件,来自MTI"
rpgadmin2@rpgdc.com,紧急邮件40,"这是一封紧急邮件,来自MTI"
rpgadmin2@rpgdc.com,紧急邮件41,"这是一封紧急邮件,来自MTI"
rpgadmin2@rpgdc.com,紧急邮件42,"这是一封紧急邮件,来自MTI"
rpgadmin2@rpgdc.com,紧急邮件43,"这是一封紧急邮件,来自MTI"
rpgadmin2@rpgdc.com,紧急邮件44,"这是一封紧急邮件,来自MTI"
rpgadmin2@rpgdc.com,紧急邮件45,"这是一封紧急邮件,来自MTI"
rpgadmin2@rpgdc.com,紧急邮件46,"这是一封紧急邮件,来自MTI"
rpgadmin2@rpgdc.com,紧急邮件47,"这是一封紧急邮件,来自MTI"
rpgadmin2@rpgdc.com,紧急邮件48,"这是一封紧急邮件,来自MTI"
rpgadmin2@rpgdc.com,紧急邮件49,"这是一封紧急邮件,来自MTI"
rpgadmin2@rpgdc.com,紧急邮件50,"这是一封紧急邮件,来自MTI"
rpgadmin2@rpgdc.com,紧急邮件51,"这是一封紧急邮件,来自MTI"
rpgadmin2@rpgdc.com,紧急邮件52,"这是一封紧急邮件,来自MTI"
rpgadmin2@rpgdc.com,紧急邮件53,"这是一封紧急邮件,来自MTI"
rpgadmin2@rpgdc.com,紧急邮件54,"这是一封紧急邮件,来自MTI"
rpgadmin2@rpgdc.com,紧急邮件55,"这是一封紧急邮件,来自MTI"
rpgadmin2@rpgdc.com,紧急邮件56,"这是一封紧急邮件,来自MTI"
rpgadmin2@rpgdc.com,紧急邮件57,"这是一封紧急邮件,来自MTI"
rpgadmin2@rpgdc.com,紧急邮件58,"这是一封紧急邮件,来自MTI"
rpgadmin2@rpgdc.com,紧急邮件59,"这是一封紧急邮件,来自MTI"
rpgadmin2@rpgdc.com,紧急邮件60,"这是一封紧急邮件,来自MTI"
rpgadmin2@rpgdc.com,紧急邮件61,"这是一封紧急邮件,来自MTI"
rpgadmin2@rpgdc.com,紧急邮件62,"这是一封紧急邮件,来自MTI"
rpgadmin2@rpgdc.com,紧急邮件63,"这是一封紧急邮件,来自MTI"
rpgadmin2@rpgdc.com,紧急邮件64,"这是一封紧急邮件,来自MTI"
rpgadmin2@rpgdc.com,紧急邮件65,"这是一封紧急邮件,来自MTI"
rpgadmin2@rpgdc.com,紧急邮件66,"这是一封紧急邮件,来自MTI"
rpgadmin2@rpgdc.com,紧急邮件67,"这是一封紧急邮件,来自MTI"
rpgadmin2@rpgdc.com,紧急邮件68,"这是一封紧急邮件,来自MTI"
rpgadmin2@rpgdc.com,紧急邮件69,"这是一封紧急邮件,来自MTI"
rpgadmin2@rpgdc.com,紧急邮件70,"这是一封紧急邮件,来自MTI"
rpgadmin2@rpgdc.com,紧急邮件71,"这是一封紧急邮件,来自MTI"
rpgadmin2@rpgdc.com,紧急邮件72,"这是一封紧急邮件,来自MTI"
rpgadmin2@rpgdc.com,紧急邮件73,"这是一封紧急邮件,来自MTI"
rpgadmin2@rpgdc.com,紧急邮件74,"这是一封紧急邮件,来自MTI"
rpgadmin2@rpgdc.com,紧急邮件75,"这是一封紧急邮件,来自MTI"
rpgadmin2@rpgdc.com,紧急邮件76,"这是一封紧急邮件,来自MTI"
rpgadmin2@rpgdc.com,紧急邮件77,"这是一封紧急邮件,来自MTI"
rpgadmin2@rpgdc.com,紧急邮件78,"这是一封紧急邮件,来自MTI"
rpgadmin2@rpgdc.com,紧急邮件79,"这是一封紧急邮件,来自MTI"
rpgadmin2@rpgdc.com,紧急邮件80,"这是一封紧急邮件,来自MTI"
rpgadmin2@rpgdc.com,紧急邮件81,"这是一封紧急邮件,来自MTI"
rpgadmin2@rpgdc.com,紧急邮件82,"这是一封紧急邮件,来自MTI"
rpgadmin2@rpgdc.com,紧急邮件83,"这是一封紧急邮件,来自MTI"
rpgadmin2@rpgdc.com,紧急邮件84,"这是一封紧急邮件,来自MTI"
rpgadmin2@rpgdc.com,紧急邮件85,"这是一封紧急邮件,来自MTI"
rpgadmin2@rpgdc.com,紧急邮件86,"这是一封紧急邮件,来自MTI"
rpgadmin2@rpgdc.com,紧急邮件87,"这是一封紧急邮件,来自MTI"
rpgadmin2@rpgdc.com,紧急邮件88,"这是一封紧急邮件,来自MTI"
rpgadmin2@rpgdc.com,紧急邮件89,"这是一封紧急邮件,来自MTI"
rpgadmin2@rpgdc.com,紧急邮件90,"这是一封紧急邮件,来自MTI"
rpgadmin2@rpgdc.com,紧急邮件91,"这是一封紧急邮件,来自MTI"
rpgadmin2@rpgdc.com,紧急邮件92,"这是一封紧急邮件,来自MTI"
rpgadmin2@rpgdc.com,紧急邮件93,"这是一封紧急邮件,来自MTI"
rpgadmin2@rpgdc.com,紧急邮件94,"这是一封紧急邮件,来自MTI"
rpgadmin2@rpgdc.com,紧急邮件95,"这是一封紧急邮件,来自MTI"
rpgadmin2@rpgdc.com,紧急邮件96,"这是一封紧急邮件,来自MTI"
rpgadmin2@rpgdc.com,紧急邮件97,"这是一封紧急邮件,来自MTI"
rpgadmin2@rpgdc.com,紧急邮件98,"这是一封紧急邮件,来自MTI"
rpgadmin2@rpgdc.com,紧急邮件99,"这是一封紧急邮件,来自MTI"
rpgadmin2@rpgdc.com,紧急邮件100,"这是一封紧急邮件,来自MTI"
rpgadmin2@rpgdc.com,紧急邮件1,"这是一封紧急邮件,来自MTI"
rpgadmin2@rpgdc.com,紧急邮件2,"这是一封紧急邮件,来自MTI"
rpgadmin2@rpgdc.com,紧急邮件3,"这是一封紧急邮件,来自MTI"
rpgadmin2@rpgdc.com,紧急邮件4,"这是一封紧急邮件,来自MTI"
rpgadmin2@rpgdc.com,紧急邮件5,"这是一封紧急邮件,来自MTI"
rpgadmin2@rpgdc.com,紧急邮件6,"这是一封紧急邮件,来自MTI"
rpgadmin2@rpgdc.com,紧急邮件7,"这是一封紧急邮件,来自MTI"
rpgadmin2@rpgdc.com,紧急邮件8,"这是一封紧急邮件,来自MTI"
rpgadmin2@rpgdc.com,紧急邮件9,"这是一封紧急邮件,来自MTI"
rpgadmin2@rpgdc.com,紧急邮件10,"这是一封紧急邮件,来自MTI"
rpgadmin2@rpgdc.com,紧急邮件11,"这是一封紧急邮件,来自MTI"
rpgadmin2@rpgdc.com,紧急邮件12,"这是一封紧急邮件,来自MTI"
rpgadmin2@rpgdc.com,紧急邮件13,"这是一封紧急邮件,来自MTI"
rpgadmin2@rpgdc.com,紧急邮件14,"这是一封紧急邮件,来自MTI"
rpgadmin2@rpgdc.com,紧急邮件15,"这是一封紧急邮件,来自MTI"
rpgadmin2@rpgdc.com,紧急邮件16,"这是一封紧急邮件,来自MTI"
rpgadmin2@rpgdc.com,紧急邮件17,"这是一封紧急邮件,来自MTI"
rpgadmin2@rpgdc.com,紧急邮件18,"这是一封紧急邮件,来自MTI"
rpgadmin2@rpgdc.com,紧急邮件19,"这是一封紧急邮件,来自MTI"
rpgadmin2@rpgdc.com,紧急邮件20,"这是一封紧急邮件,来自MTI"
rpgadmin2@rpgdc.com,紧急邮件21,"这是一封紧急邮件,来自MTI"
rpgadmin2@rpgdc.com,紧急邮件22,"这是一封紧急邮件,来自MTI"
rpgadmin2@rpgdc.com,紧急邮件23,"这是一封紧急邮件,来自MTI"
rpgadmin2@rpgdc.com,紧急邮件24,"这是一封紧急邮件,来自MTI"
rpgadmin2@rpgdc.com,紧急邮件25,"这是一封紧急邮件,来自MTI"
rpgadmin2@rpgdc.com,紧急邮件26,"这是一封紧急邮件,来自MTI"
rpgadmin2@rpgdc.com,紧急邮件27,"这是一封紧急邮件,来自MTI"
rpgadmin2@rpgdc.com,紧急邮件28,"这是一封紧急邮件,来自MTI"
rpgadmin2@rpgdc.com,紧急邮件29,"这是一封紧急邮件,来自MTI"
rpgadmin2@rpgdc.com,紧急邮件30,"这是一封紧急邮件,来自MTI"
rpgadmin2@rpgdc.com,紧急邮件31,"这是一封紧急邮件,来自MTI"
rpgadmin2@rpgdc.com,紧急邮件32,"这是一封紧急邮件,来自MTI"
rpgadmin2@rpgdc.com,紧急邮件33,"这是一封紧急邮件,来自MTI"
rpgadmin2@rpgdc.com,紧急邮件34,"这是一封紧急邮件,来自MTI"
rpgadmin2@rpgdc.com,紧急邮件35,"这是一封紧急邮件,来自MTI"
rpgadmin2@rpgdc.com,紧急邮件36,"这是一封紧急邮件,来自MTI"
rpgadmin2@rpgdc.com,紧急邮件37,"这是一封紧急邮件,来自MTI"
rpgadmin2@rpgdc.com,紧急邮件38,"这是一封紧急邮件,来自MTI"
rpgadmin2@rpgdc.com,紧急邮件39,"这是一封紧急邮件,来自MTI"
rpgadmin2@rpgdc.com,紧急邮件40,"这是一封紧急邮件,来自MTI"
rpgadmin2@rpgdc.com,紧急邮件41,"这是一封紧急邮件,来自MTI"
rpgadmin2@rpgdc.com,紧急邮件42,"这是一封紧急邮件,来自MTI"
rpgadmin2@rpgdc.com,紧急邮件43,"这是一封紧急邮件,来自MTI"
rpgadmin2@rpgdc.com,紧急邮件44,"这是一封紧急邮件,来自MTI"
rpgadmin2@rpgdc.com,紧急邮件45,"这是一封紧急邮件,来自MTI"
rpgadmin2@rpgdc.com,紧急邮件46,"这是一封紧急邮件,来自MTI"
rpgadmin2@rpgdc.com,紧急邮件47,"这是一封紧急邮件,来自MTI"
rpgadmin2@rpgdc.com,紧急邮件48,"这是一封紧急邮件,来自MTI"
rpgadmin2@rpgdc.com,紧急邮件49,"这是一封紧急邮件,来自MTI"
rpgadmin2@rpgdc.com,紧急邮件50,"这是一封紧急邮件,来自MTI"
rpgadmin2@rpgdc.com,紧急邮件51,"这是一封紧急邮件,来自MTI"
rpgadmin2@rpgdc.com,紧急邮件52,"这是一封紧急邮件,来自MTI"
rpgadmin2@rpgdc.com,紧急邮件53,"这是一封紧急邮件,来自MTI"
rpgadmin2@rpgdc.com,紧急邮件54,"这是一封紧急邮件,来自MTI"
rpgadmin2@rpgdc.com,紧急邮件55,"这是一封紧急邮件,来自MTI"
rpgadmin2@rpgdc.com,紧急邮件56,"这是一封紧急邮件,来自MTI"
rpgadmin2@rpgdc.com,紧急邮件57,"这是一封紧急邮件,来自MTI"
rpgadmin2@rpgdc.com,紧急邮件58,"这是一封紧急邮件,来自MTI"
rpgadmin2@rpgdc.com,紧急邮件59,"这是一封紧急邮件,来自MTI"
rpgadmin2@rpgdc.com,紧急邮件60,"这是一封紧急邮件,来自MTI"
rpgadmin2@rpgdc.com,紧急邮件61,"这是一封紧急邮件,来自MTI"
rpgadmin2@rpgdc.com,紧急邮件62,"这是一封紧急邮件,来自MTI"
rpgadmin2@rpgdc.com,紧急邮件63,"这是一封紧急邮件,来自MTI"
rpgadmin2@rpgdc.com,紧急邮件64,"这是一封紧急邮件,来自MTI"
rpgadmin2@rpgdc.com,紧急邮件65,"这是一封紧急邮件,来自MTI"
rpgadmin2@rpgdc.com,紧急邮件66,"这是一封紧急邮件,来自MTI"
rpgadmin2@rpgdc.com,紧急邮件67,"这是一封紧急邮件,来自MTI"
rpgadmin2@rpgdc.com,紧急邮件68,"这是一封紧急邮件,来自MTI"
rpgadmin2@rpgdc.com,紧急邮件69,"这是一封紧急邮件,来自MTI"
rpgadmin2@rpgdc.com,紧急邮件70,"这是一封紧急邮件,来自MTI"
rpgadmin2@rpgdc.com,紧急邮件71,"这是一封紧急邮件,来自MTI"
rpgadmin2@rpgdc.com,紧急邮件72,"这是一封紧急邮件,来自MTI"
rpgadmin2@rpgdc.com,紧急邮件73,"这是一封紧急邮件,来自MTI"
rpgadmin2@rpgdc.com,紧急邮件74,"这是一封紧急邮件,来自MTI"
rpgadmin2@rpgdc.com,紧急邮件75,"这是一封紧急邮件,来自MTI"
rpgadmin2@rpgdc.com,紧急邮件76,"这是一封紧急邮件,来自MTI"
rpgadmin2@rpgdc.com,紧急邮件77,"这是一封紧急邮件,来自MTI"
rpgadmin2@rpgdc.com,紧急邮件78,"这是一封紧急邮件,来自MTI"
rpgadmin2@rpgdc.com,紧急邮件79,"这是一封紧急邮件,来自MTI"
rpgadmin2@rpgdc.com,紧急邮件80,"这是一封紧急邮件,来自MTI"
rpgadmin2@rpgdc.com,紧急邮件81,"这是一封紧急邮件,来自MTI"
rpgadmin2@rpgdc.com,紧急邮件82,"这是一封紧急邮件,来自MTI"
rpgadmin2@rpgdc.com,紧急邮件83,"这是一封紧急邮件,来自MTI"
rpgadmin2@rpgdc.com,紧急邮件84,"这是一封紧急邮件,来自MTI"
rpgadmin2@rpgdc.com,紧急邮件85,"这是一封紧急邮件,来自MTI"
rpgadmin2@rpgdc.com,紧急邮件86,"这是一封紧急邮件,来自MTI"
rpgadmin2@rpgdc.com,紧急邮件87,"这是一封紧急邮件,来自MTI"
rpgadmin2@rpgdc.com,紧急邮件88,"这是一封紧急邮件,来自MTI"
rpgadmin2@rpgdc.com,紧急邮件89,"这是一封紧急邮件,来自MTI"
rpgadmin2@rpgdc.com,紧急邮件90,"这是一封紧急邮件,来自MTI"
rpgadmin2@rpgdc.com,紧急邮件91,"这是一封紧急邮件,来自MTI"
rpgadmin2@rpgdc.com,紧急邮件92,"这是一封紧急邮件,来自MTI"
rpgadmin2@rpgdc.com,紧急邮件93,"这是一封紧急邮件,来自MTI"
rpgadmin2@rpgdc.com,紧急邮件94,"这是一封紧急邮件,来自MTI"
rpgadmin2@rpgdc.com,紧急邮件95,"这是一封紧急邮件,来自MTI"
rpgadmin2@rpgdc.com,紧急邮件96,"这是一封紧急邮件,来自MTI"
rpgadmin2@rpgdc.com,紧急邮件97,"这是一封紧急邮件,来自MTI"
rpgadmin2@rpgdc.com,紧急邮件98,"这是一封紧急邮件,来自MTI"
rpgadmin2@rpgdc.com,紧急邮件99,"这是一封紧急邮件,来自MTI"
rpgadmin2@rpgdc.com,紧急邮件100,"这是一封紧急邮件,来自MTI"
rpgadmin2@rpgdc.com,紧急邮件1,"这是一封紧急邮件,来自MTI"
rpgadmin2@rpgdc.com,紧急邮件2,"这是一封紧急邮件,来自MTI"
rpgadmin2@rpgdc.com,紧急邮件3,"这是一封紧急邮件,来自MTI"
rpgadmin2@rpgdc.com,紧急邮件4,"这是一封紧急邮件,来自MTI"
rpgadmin2@rpgdc.com,紧急邮件5,"这是一封紧急邮件,来自MTI"
rpgadmin2@rpgdc.com,紧急邮件6,"这是一封紧急邮件,来自MTI"
rpgadmin2@rpgdc.com,紧急邮件7,"这是一封紧急邮件,来自MTI"
rpgadmin2@rpgdc.com,紧急邮件8,"这是一封紧急邮件,来自MTI"
rpgadmin2@rpgdc.com,紧急邮件9,"这是一封紧急邮件,来自MTI"
rpgadmin2@rpgdc.com,紧急邮件10,"这是一封紧急邮件,来自MTI"
rpgadmin2@rpgdc.com,紧急邮件11,"这是一封紧急邮件,来自MTI"
rpgadmin2@rpgdc.com,紧急邮件12,"这是一封紧急邮件,来自MTI"
rpgadmin2@rpgdc.com,紧急邮件13,"这是一封紧急邮件,来自MTI"
rpgadmin2@rpgdc.com,紧急邮件14,"这是一封紧急邮件,来自MTI"
rpgadmin2@rpgdc.com,紧急邮件15,"这是一封紧急邮件,来自MTI"
rpgadmin2@rpgdc.com,紧急邮件16,"这是一封紧急邮件,来自MTI"
rpgadmin2@rpgdc.com,紧急邮件17,"这是一封紧急邮件,来自MTI"
rpgadmin2@rpgdc.com,紧急邮件18,"这是一封紧急邮件,来自MTI"
rpgadmin2@rpgdc.com,紧急邮件19,"这是一封紧急邮件,来自MTI"
rpgadmin2@rpgdc.com,紧急邮件20,"这是一封紧急邮件,来自MTI"
rpgadmin2@rpgdc.com,紧急邮件21,"这是一封紧急邮件,来自MTI"
rpgadmin2@rpgdc.com,紧急邮件22,"这是一封紧急邮件,来自MTI"
rpgadmin2@rpgdc.com,紧急邮件23,"这是一封紧急邮件,来自MTI"
rpgadmin2@rpgdc.com,紧急邮件24,"这是一封紧急邮件,来自MTI"
rpgadmin2@rpgdc.com,紧急邮件25,"这是一封紧急邮件,来自MTI"
rpgadmin2@rpgdc.com,紧急邮件26,"这是一封紧急邮件,来自MTI"
rpgadmin2@rpgdc.com,紧急邮件27,"这是一封紧急邮件,来自MTI"
rpgadmin2@rpgdc.com,紧急邮件28,"这是一封紧急邮件,来自MTI"
rpgadmin2@rpgdc.com,紧急邮件29,"这是一封紧急邮件,来自MTI"
rpgadmin2@rpgdc.com,紧急邮件30,"这是一封紧急邮件,来自MTI"
rpgadmin2@rpgdc.com,紧急邮件31,"这是一封紧急邮件,来自MTI"
rpgadmin2@rpgdc.com,紧急邮件32,"这是一封紧急邮件,来自MTI"
rpgadmin2@rpgdc.com,紧急邮件33,"这是一封紧急邮件,来自MTI"
rpgadmin2@rpgdc.com,紧急邮件34,"这是一封紧急邮件,来自MTI"
rpgadmin2@rpgdc.com,紧急邮件35,"这是一封紧急邮件,来自MTI"
rpgadmin2@rpgdc.com,紧急邮件36,"这是一封紧急邮件,来自MTI"
rpgadmin2@rpgdc.com,紧急邮件37,"这是一封紧急邮件,来自MTI"
rpgadmin2@rpgdc.com,紧急邮件38,"这是一封紧急邮件,来自MTI"
rpgadmin2@rpgdc.com,紧急邮件39,"这是一封紧急邮件,来自MTI"
rpgadmin2@rpgdc.com,紧急邮件40,"这是一封紧急邮件,来自MTI"
rpgadmin2@rpgdc.com,紧急邮件41,"这是一封紧急邮件,来自MTI"
rpgadmin2@rpgdc.com,紧急邮件42,"这是一封紧急邮件,来自MTI"
rpgadmin2@rpgdc.com,紧急邮件43,"这是一封紧急邮件,来自MTI"
rpgadmin2@rpgdc.com,紧急邮件44,"这是一封紧急邮件,来自MTI"
rpgadmin2@rpgdc.com,紧急邮件45,"这是一封紧急邮件,来自MTI"
rpgadmin2@rpgdc.com,紧急邮件46,"这是一封紧急邮件,来自MTI"
rpgadmin2@rpgdc.com,紧急邮件47,"这是一封紧急邮件,来自MTI"
rpgadmin2@rpgdc.com,紧急邮件48,"这是一封紧急邮件,来自MTI"
rpgadmin2@rpgdc.com,紧急邮件49,"这是一封紧急邮件,来自MTI"
rpgadmin2@rpgdc.com,紧急邮件50,"这是一封紧急邮件,来自MTI"
rpgadmin2@rpgdc.com,紧急邮件51,"这是一封紧急邮件,来自MTI"
rpgadmin2@rpgdc.com,紧急邮件52,"这是一封紧急邮件,来自MTI"
rpgadmin2@rpgdc.com,紧急邮件53,"这是一封紧急邮件,来自MTI"
rpgadmin2@rpgdc.com,紧急邮件54,"这是一封紧急邮件,来自MTI"
rpgadmin2@rpgdc.com,紧急邮件55,"这是一封紧急邮件,来自MTI"
rpgadmin2@rpgdc.com,紧急邮件56,"这是一封紧急邮件,来自MTI"
rpgadmin2@rpgdc.com,紧急邮件57,"这是一封紧急邮件,来自MTI"
rpgadmin2@rpgdc.com,紧急邮件58,"这是一封紧急邮件,来自MTI"
rpgadmin2@rpgdc.com,紧急邮件59,"这是一封紧急邮件,来自MTI"
rpgadmin2@rpgdc.com,紧急邮件60,"这是一封紧急邮件,来自MTI"
rpgadmin2@rpgdc.com,紧急邮件61,"这是一封紧急邮件,来自MTI"
rpgadmin2@rpgdc.com,紧急邮件62,"这是一封紧急邮件,来自MTI"
rpgadmin2@rpgdc.com,紧急邮件63,"这是一封紧急邮件,来自MTI"
rpgadmin2@rpgdc.com,紧急邮件64,"这是一封紧急邮件,来自MTI"
rpgadmin2@rpgdc.com,紧急邮件65,"这是一封紧急邮件,来自MTI"
rpgadmin2@rpgdc.com,紧急邮件66,"这是一封紧急邮件,来自MTI"
rpgadmin2@rpgdc.com,紧急邮件67,"这是一封紧急邮件,来自MTI"
rpgadmin2@rpgdc.com,紧急邮件68,"这是一封紧急邮件,来自MTI"
rpgadmin2@rpgdc.com,紧急邮件69,"这是一封紧急邮件,来自MTI"
rpgadmin2@rpgdc.com,紧急邮件70,"这是一封紧急邮件,来自MTI"
rpgadmin2@rpgdc.com,紧急邮件71,"这是一封紧急邮件,来自MTI"
rpgadmin2@rpgdc.com,紧急邮件72,"这是一封紧急邮件,来自MTI"
rpgadmin2@rpgdc.com,紧急邮件73,"这是一封紧急邮件,来自MTI"
rpgadmin2@rpgdc.com,紧急邮件74,"这是一封紧急邮件,来自MTI"
rpgadmin2@rpgdc.com,紧急邮件75,"这是一封紧急邮件,来自MTI"
rpgadmin2@rpgdc.com,紧急邮件76,"这是一封紧急邮件,来自MTI"
rpgadmin2@rpgdc.com,紧急邮件77,"这是一封紧急邮件,来自MTI"
rpgadmin2@rpgdc.com,紧急邮件78,"这是一封紧急邮件,来自MTI"
rpgadmin2@rpgdc.com,紧急邮件79,"这是一封紧急邮件,来自MTI"
rpgadmin2@rpgdc.com,紧急邮件80,"这是一封紧急邮件,来自MTI"
rpgadmin2@rpgdc.com,紧急邮件81,"这是一封紧急邮件,来自MTI"
rpgadmin2@rpgdc.com,紧急邮件82,"这是一封紧急邮件,来自MTI"
rpgadmin2@rpgdc.com,紧急邮件83,"这是一封紧急邮件,来自MTI"
rpgadmin2@rpgdc.com,紧急邮件84,"这是一封紧急邮件,来自MTI"
rpgadmin2@rpgdc.com,紧急邮件85,"这是一封紧急邮件,来自MTI"
rpgadmin2@rpgdc.com,紧急邮件86,"这是一封紧急邮件,来自MTI"
rpgadmin2@rpgdc.com,紧急邮件87,"这是一封紧急邮件,来自MTI"
rpgadmin2@rpgdc.com,紧急邮件88,"这是一封紧急邮件,来自MTI"
rpgadmin2@rpgdc.com,紧急邮件89,"这是一封紧急邮件,来自MTI"
rpgadmin2@rpgdc.com,紧急邮件90,"这是一封紧急邮件,来自MTI"
rpgadmin2@rpgdc.com,紧急邮件91,"这是一封紧急邮件,来自MTI"
rpgadmin2@rpgdc.com,紧急邮件92,"这是一封紧急邮件,来自MTI"
rpgadmin2@rpgdc.com,紧急邮件93,"这是一封紧急邮件,来自MTI"
rpgadmin2@rpgdc.com,紧急邮件94,"这是一封紧急邮件,来自MTI"
rpgadmin2@rpgdc.com,紧急邮件95,"这是一封紧急邮件,来自MTI"
rpgadmin2@rpgdc.com,紧急邮件96,"这是一封紧急邮件,来自MTI"
rpgadmin2@rpgdc.com,紧急邮件97,"这是一封紧急邮件,来自MTI"
rpgadmin2@rpgdc.com,紧急邮件98,"这是一封紧急邮件,来自MTI"
rpgadmin2@rpgdc.com,紧急邮件99,"这是一封紧急邮件,来自MTI"
rpgadmin2@rpgdc.com,紧急邮件100,"这是一封紧急邮件,来自MTI"

